{"cameraMode":{"drawMode":0,"name":"Shaded","section":"Shading Mode"},"sceneLighting":true,"audioPlay":false,"sceneViewState":{"showFog":true,"showMaterialUpdate":false,"showSkybox":true,"showFlares":true,"showImageEffects":true,"showParticleSystems":true},"in2DMode":false,"pivot":{"x":-174.46726989746095,"y":-76.86483764648438,"z":198.57553100585938},"rotation":{"x":0.06441850960254669,"y":-0.03442009165883064,"z":0.002255076775327325,"w":0.9973641633987427},"size":873.845458984375,"orthographic":true}