{"cameraMode":{"drawMode":0,"name":"Shaded","section":"Shading Mode"},"sceneLighting":true,"audioPlay":false,"sceneViewState":{"showFog":true,"showMaterialUpdate":false,"showSkybox":true,"showFlares":true,"showImageEffects":true,"showParticleSystems":true},"in2DMode":false,"pivot":{"x":-121.8875503540039,"y":-20.368358612060548,"z":13.191883087158204},"rotation":{"x":0.07490050792694092,"y":0.029915912076830865,"z":-0.002211926970630884,"w":0.9967821836471558},"size":708.5054321289063,"orthographic":true}